#image_name, actual, predicted, score
cow_OIP-YwhTXfa9RcIO2G-e0OWT3QHaFc.jpg, cow, cat, fail
elephant_OIP-Hw7U4YQuRDy1PKX0cLDZwQHaGs.jpg, elephant, elephant, pass
butterfly_OIP-u2i0X4o7rtrbRPOyr0NfUAHaFj.jpg, butterfly, butterfly, pass
sheep_OIP-wUfr56atZrSlV9zrUA8PUgHaFR.jpg, sheep, sheep, pass
spider_OIP-_yUqpEJovWvPJuMF3oWJowHaF3.jpg, spider, spider, pass
squirrel_OIP-R6D2cCi4MrXf-DfG5IRmWQHaEX.jpg, squirrel, cat, fail
chicken_OIP-_QSU2bYtEyAz4YP9DOED6gHaE7.jpg, chicken, chicken, pass
cow_OIP-kVaP8LYe6Nlvrs67JCRhdAHaFK.jpg, cow, cow, pass
elephant_OIP-2KiRXkxEUJmWLKdIZ2qCzgHaHL.jpg, elephant, elephant, pass
sheep_OIP-KRFKOCXK1QXk6RlcjeqjYAHaFo.jpg, sheep, sheep, pass
squirrel_OIP-nLSQCZ6MhPMlYvT2T1_G1AHaFD.jpg, squirrel, cat, fail
butterfly_OIP-NGFXrhlEArtgtYOP9ksHEAHaFj.jpg, butterfly, butterfly, pass
butterfly_OIP-VGj36mpAYCyoYiDVxepu3QHaFF.jpg, butterfly, butterfly, pass
cat_1487.jpg, cat, cat, pass
squirrel_OIP-ZoYZzBjBgliTblAgXK-udwHaFj.jpg, squirrel, squirrel, pass
cow_OIP-jlMughh2HIn8LDBjyfX8bgHaEK.jpg, cow, cat, fail
dog_OIP-5-SGZKQFdCsk48KxF6iczgHaGV.jpg, dog, cat, fail
elephant_OIP-qAOdOiHhwOOT7p8c9hVEOAHaFj.jpg, elephant, elephant, pass
chicken_OIP-gIFlKBqxwsbC9wN8E7-eYQHaE7.jpg, chicken, chicken, pass
butterfly_e832b70e2bf71c22d2524518b7444f92e37fe5d404b0144390f8c770a2e9b5_640.jpg, butterfly, butterfly, pass
cat_373.jpg, cat, cat, pass
cat_freddie-marriage-40645-unsplash.jpg, cat, cat, pass
sheep_ea36b20e2efc083ed1584d05fb1d4e9fe777ead218ac104497f5c978a6e8b0b1_640.jpg, sheep, sheep, pass
chicken_OIP-2AW-Ey2pmwe-sVfbVAiXZAHaHa.jpg, chicken, cat, fail
sheep_OIP-6-qPaRo0YfGUhEVLpTVw5QAAAA.jpg, sheep, sheep, pass
cow_OIP-FRPreZ5D_EtG3PzeKKiAdQHaFk.jpg, cow, cow, pass
spider_OIP-bAT7c2M3_OkSZyVlXHqtXwHaE8.jpg, spider, cat, fail
horse_OIP-3cmiGMji1-FEXCK0YEzcfAHaE8.jpg, horse, horse, pass
cow_OIP-2m0N5Sp1KaHVJfrCr5RrRAHaFc.jpg, cow, cat, fail
dog_OIP-Ab97v-nnhG6AXLw1cAMgkQHaHa.jpg, dog, dog, pass
elephant_ea36b4092bf0003ed1584d05fb1d4e9fe777ead218ac104497f5c978a4efb4bb_640.jpg, elephant, elephant, pass
horse_OIP-Il01X1P2aW2iI9cAPKGViQHaFp.jpg, horse, horse, pass
elephant_OIP-Ykv4UIvJtjedkWi9QPbfGgHaFj.jpg, elephant, elephant, pass
elephant_OIP-VcqwLgUJ3Kmm3I2GjTZy_wAAAA.jpg, elephant, elephant, pass
squirrel_OIP-ODMAbRN3VGq8KMdRcIT_wwHaEX.jpg, squirrel, cat, fail
elephant_ea34b30e2df4093ed1584d05fb1d4e9fe777ead218ac104497f5c978a4efb4bb_640.jpg, elephant, elephant, pass
chicken_OIP-QvhpBc8aDmocG5LSaZGhyQHaF7.jpg, chicken, chicken, pass
horse_OIP-gThXFtIIsemMU5QBtktwRgHaFj.jpg, horse, horse, pass
squirrel_OIP-db7e2PXu7ggJqqPyxqfpAwHaGF.jpg, squirrel, cat, fail
cow_OIP-cnQv1a0iU9Ho3Q62Bxv9FgHaIV.jpg, cow, cat, fail
butterfly_OIP-POje7Pavvi0wWXEzXRsLOwHaGL.jpg, butterfly, butterfly, pass
elephant_OIP-O6lLKhvxP-sOdOpUu8Cn7gHaEL.jpg, elephant, elephant, pass
chicken_OIP-n3ZH9JY-QoLP9Slhp0cQoQAAAA.jpg, chicken, chicken, pass
chicken_1096.jpg, chicken, chicken, pass
horse_OIP-6n5DXR4R6tbk2SVjIYhBggHaE6.jpg, horse, horse, pass
cat_1038.jpg, cat, cat, pass
butterfly_OIP-JQidmdrybKE_dMlvWTYFQQHaFY.jpg, butterfly, butterfly, pass
dog_OIP-yVrt8b9H133dZtyxCyjOFwHaFj.jpg, dog, dog, pass
spider_OIP-gU7i_R9hwFMzhO4rW_ClXQHaGL.jpg, spider, spider, pass
cow_OIP-gnPCBS-zzonTLKJg5RFAygAAAA.jpg, cow, cow, pass
dog_OIP-nj_6eSbDiI1jXD7cPD4i7wHaFr.jpg, dog, dog, pass
dog_OIP-xxM7c6-_YFR317AF0A8NmgHaHN.jpg, dog, dog, pass
cow_OIP-KxnNJ8Wzpuo4DOfVIMzyQgHaFl.jpg, cow, cow, pass
squirrel_OIP-4PZHy368pf-BA-aEe1EW7QHaE8.jpg, squirrel, squirrel, pass 
sheep_OIP-0bQE7CBx5OzLUHz7uw7JJQHaFE.jpg, sheep, sheep, pass
cow_OIP-D9b6q2ZgTJBVQSa6GBk9HQHaDj.jpg, cow, cat, fail
spider_OIP-fPBI8pNKStJdwWaIvopiigE1DK.jpg, spider, spider, pass
cat_ea36b5082ff2093ed1584d05fb1d4e9fe777ead218ac104497f5c978a7eebdbb_640.jpg, cat, cat, pass
butterfly_OIP-nlGilYQmBES8kHCike8xvAHaFj.jpg, butterfly, butterfly, pass
butterfly_OIP-IvmpwTRRy05FVSdOwZZU1QHaE7.jpg, butterfly, butterfly, pass
spider_OIP-aRvrs6ubgLgwzQrjHT-hSAHaHa.jpg, spider, spider, pass
elephant_e836b30d2df1003ed1584d05fb1d4e9fe777ead218ac104497f5c978a4eebdbd_640.jpg, elephant, elephant, pass
sheep_e830b5082ff6013ed1584d05fb1d4e9fe777ead218ac104497f5c978a6ebb3bf_640.jpg, sheep, sheep, pass
squirrel_OIP-eFmblYi7WCBALwfqZkuHTQHaFj.jpg, squirrel, cat, fail
horse_OIP-Wf20SqZV2j7tmCIS2wfOJwHaFj.jpg, horse, horse, pass
spider_OIP-Z9fM4yNQ8e2ZV132wybRfQHaGI.jpg, spider, cat, fail
cat_1604.jpg, cat, cat, pass
dog_OIP-qgoh-WlYIKPSHlnkIp94BwHaHu.jpg, dog, dog, pass
chicken_OIP-PYQ2gJnxVIWWLm2N6U2HlwHaMQ.jpg, chicken, chicken, pass
cow_OIP-M7SzU7j_MGnsjevh7Y4xeAHaFY.jpg, cow, cat, fail
squirrel_OIP-0Dq7FVTeEIk_0t8VK7qWOQHaE8.jpg, squirrel, cat, fail
chicken_OIP-RIK6-ULsRDaSfcyFz9EBPAHaKc.jpg, chicken, chicken, pass
cat_e833b80f21f11c22d2524518b7444f92e37fe5d404b0144390f8c079a1e8b6_640.jpg, cat, cat, pass
elephant_OIP-xOtC4Sdr42Afwcts7gG7MwHaEc.jpg, elephant, elephant, pass
dog_OIP-AnhV-qx0tHFgBdTPeCzrqAHaGY.jpg, dog, dog, pass
butterfly_OIP-r7dDc3MwNpvYURlcmAGENgHaHa.jpg, butterfly, butterfly, pass
squirrel_OIP-dT9QLRJ91HKXT0emRfK1EAHaE8.jpg, squirrel, cat, fail
chicken_OIP-YTRdAUfaVbsSu6DB2klLfwHaG_.jpg, chicken, chicken, pass
sheep_OIP-fJ6fgIUsoQKzxKvfrhyk1AHaHD.jpg, sheep, sheep, pass
spider_OIP-EW9_N_-fAIJW_HQaND4WDQHaFj.jpg, spider, spider, pass
spider_OIP-d1FDwU1kyuRXSGeillOeHAHaGU.jpg, spider, cat, fail
dog_OIP-b0AL6Xph5XPdHHlyT0lwGgHaHh.jpg, dog, dog, pass
chicken_10.jpg, chicken, chicken, pass
dog_OIP-b73sEEY3g9wzdr2VlzZGtwHaFG.jpg, dog, dog, pass
elephant_eb31b20629fc053ed1584d05fb1d4e9fe777ead218ac104497f5c978a4eebdbd_640.jpg, elephant, elephant, pass
butterfly_OIP-Lro3d4Ql9f06zJCAhF1SqQHaD4.jpg, butterfly, butterfly, pass
cow_OIP-2NR1yHYYgYGG2KL36kqndAHaKh.jpg, cow, cow, pass
butterfly_OIP-v-ROEEb_beUtO3zfrswACgHaG4.jpg, butterfly, butterfly, pass
elephant_OIP-sqR0uy956EHK8A6sMiaS9wAAAA.jpg, elephant, elephant, pass
dog_OIP-7sFCz4J1Ofbb_2hU7DUXWQHaFD.jpg, dog, dog, pass
squirrel_OIP-Nd0PE1oo_apToADZMRu35AHaFj.jpg, squirrel, squirrel, pass 
butterfly_OIP-f4NIVUVGtOHfcZpgjvQbQAHaKu.jpg, butterfly, butterfly, pass
butterfly_OIP-nWBRAssnquFV5uMvAWyEKQHaFj.jpg, butterfly, butterfly, pass
squirrel_OIP-PpZjwBiI0LbmLrWRxKh9IgHaDt.jpg, squirrel, cat, fail
butterfly_OIP-PcW610RjltwKt-c0QqRYqgHaFj.jpg, butterfly, butterfly, pass
squirrel_OIP-y4IxvJSvX7MqsAlnk49ITgHaE8.jpg, squirrel, cat, fail
squirrel_OIP-jbT5APGv1c-KQ6zPgR8zQQHaIQ.jpg, squirrel, cat, fail
cat_631.jpg, cat, cat, pass
cow_OIP-cw4CXbyoy9GaInwU7cs6ewHaE0.jpg, cow, cow, pass
chicken_OIP-baEUeCGLa1AOlZjTCWl2zgHaHV.jpg, chicken, chicken, pass
spider_OIP-NDJS-cBWgvkqjt7k2QrtsAHaE8.jpg, spider, cat, fail
butterfly_ea35b80a2ef1043ed1584d05fb1d4e9fe777ead218ac104497f5c97faeebb5bb_640.jpg, butterfly, butterfly, pass
chicken_OIP-x9DC-u9s3LrRvHK2d3qvQwHaI2.jpg, chicken, chicken, pass
dog_OIP-5hI4KOsaeyvSjy7_LiTJCgHaFm.jpg, dog, dog, pass
horse_OIP-nJOUUe0TgOdMGNEWrTte2QHaFj.jpg, horse, horse, pass
spider_OIP-6VlSuNhSjFQhOIWUmRCynwHaIT.jpg, spider, cat, fail
horse_OIP-5w4861bwgkhhIXFkHjavngAAAA.jpg, horse, horse, pass
sheep_OIP-xO5tbIR39UxX76952C_CJwAAAA.jpg, sheep, sheep, pass
butterfly_OIP-40Yyc3mifuHJDcDgfsEhGAHaF2.jpg, butterfly, butterfly, pass
horse_OIP-TjdFpcKrHgjXocTYDVOhWQHaE7.jpg, horse, horse, pass
cat_47.jpg, cat, cat, pass
chicken_689.jpg, chicken, chicken, pass
cow_OIP-qkdjcFHMl4v5NJMUHPisGAHaFd.jpg, cow, cow, pass
chicken_OIP-dDLjPFqnq6cpeejLPqEj-QHaGx.jpg, chicken, chicken, pass
butterfly_OIP-8jUH-Vusgcu2OtYXmH3NtQHaEK.jpg, butterfly, butterfly, pass
elephant_eb35b20a2cfc003ed1584d05fb1d4e9fe777ead218ac104497f5c978a4efb4bb_640.jpg, elephant, elephant, pass
chicken_OIP-eF-ESBML9f-w4RfQ158YgQAAAA.jpg, chicken, chicken, pass
chicken_OIP-rv3Ezu3l8X_cyIa7VjwhiwHaE8.jpg, chicken, chicken, pass
cat_220.jpg, cat, cat, pass
sheep_OIP-3Lldmuln2eWljKMCyh3cZQHaGm.jpg, sheep, sheep, pass
elephant_OIP-Y9Lc3aBXRdO_I3lyNwIecQAAAA.jpg, elephant, elephant, pass
cow_OIP-b7-TQvKmz-I8ygBJGL2spwHaFj.jpg, cow, cat, fail
cat_ea35b70721f4023ed1584d05fb1d4e9fe777ead218ac104497f5c978a7ebb0bb_640.jpg, cat, cat, pass
butterfly_OIP-IBqr8QOOid0xr88Dsg9-ywHaFj.jpg, butterfly, butterfly, pass
elephant_OIP-fQmNdnZOCXT91rFqlgXgpwHaE8.jpg, elephant, elephant, pass
chicken_OIP-xRUJ5vM6GX9-kI3DoW48pQHaEw.jpg, chicken, chicken, pass
cow_OIP-cECWRGkxJY4kOd-l1AykdAHaFI.jpg, cow, cat, fail
butterfly_OIP-QeS6A53er7mIZonWQJCDFgHaGr.jpg, butterfly, butterfly, pass
chicken_OIP-ppHc8CzLOQx9tnbeC4p6bgHaIM.jpg, chicken, chicken, pass
sheep_OIP-v3L1NjKKKYQJuyU-ZzHamAAAAA.jpg, sheep, sheep, pass
dog_OIP-X0XGe1dNXlj9GXBCjkYa6wHaE8.jpg, dog, dog, pass
sheep_OIP-e2FBY2hVL40yL3ID7WKeVAHaFj.jpg, sheep, sheep, pass
butterfly_ea36b30f2cf0083ed1584d05fb1d4e9fe777ead218ac104497f5c97faee8b1b8_640.jpg, butterfly, butterfly, pass
spider_OIP-z4u7KUGvVDP9KYGm5CyM9AHaE7.jpg, spider, spider, pass
cow_OIP-64HJJfS0eKVkfUp5KDl9uAHaFI.jpg, cow, cat, fail
spider_OIP-oPX1NlvcHK2ouZRagJb8VwHaE7.jpg, spider, cat, fail
horse_OIP-gDltiSP_dGW6G3UK6dQRfwHaEI.jpg, horse, horse, pass
butterfly_OIP-aS3fXhqr0BnG5UCVeHS9OgHaF6.jpg, butterfly, butterfly, pass
butterfly_e030b20a20e90021d85a5854ee454296eb70e3c818b413449df6c87ca3ed_640.jpg, butterfly, butterfly, pass
elephant_eb3cb30c21f6043ed1584d05fb1d4e9fe777ead218ac104497f5c978a4efbcb0_640.jpg, elephant, elephant, pass
squirrel_OIP-C7E50wQTzsiKr9Wt3eVpRgHaHa.jpg, squirrel, cat, fail
butterfly_OIP-bNajk0ekXfTb9PIf0ii3HQHaFT.jpg, butterfly, butterfly, pass
horse_OIP-iDhx-44xd1gtyN-jMCAgvQHaGQ.jpg, horse, horse, pass
cat_148.jpg, cat, cat, pass
squirrel_OIP-HgaQQPPaii7P7cWretrr-wHaHa.jpg, squirrel, cat, fail
horse_OIP-3XKB0dWhFpLIsq5g12CAKQHaFj.jpg, horse, horse, pass
squirrel_OIP-enHhso2T4IAd8ySBSpn6IAHaFj.jpg, squirrel, cat, fail
butterfly_OIP-SMbjYAjAhrCNqZSvAh9qewHaEr.jpg, butterfly, butterfly, pass
squirrel_OIP-7ultMiwop9VMjL_wpIAvyAHaGd.jpg, squirrel, cat, fail
chicken_OIP-9YVMjxXYNj9BTx49SbY6NwHaFe.jpg, chicken, chicken, pass
spider_OIP-5AdIZWDnZU3IOhQ21bHKGwHaFA.jpg, spider, cat, fail
cow_OIP-XxnH8yNUzDlat7kfdxCcJwAAAA.jpg, cow, cat, fail
horse_OIP-X0SHV7GxWQ906yaI6rB_QQHaFj.jpg, horse, horse, pass
cow_OIP-4cZcHa9UwZBikCKJemsDnQHaGH.jpg, cow, cow, pass
elephant_ea36b00b2ff6043ed1584d05fb1d4e9fe777ead218ac104497f5c978a4efb4bb_640.jpg, elephant, elephant, pass
sheep_OIP-M2CEJMC2BQvgH4ahk4r82AAAAA.jpg, sheep, sheep, pass
dog_OIP-4CcJd0QHqhmhh_lbXvn_VAHaE_.jpg, dog, dog, pass
dog_OIP-11I4h3JoOPyySDRiXsejsAHaFj.jpg, dog, dog, pass
dog_OIP-bqi9yp1JEHREY-Vn9ac23AHaNK.jpg, dog, dog, pass
spider_OIP-CP9VIEF5lYfJ1KWdo99WzwHaFY.jpg, spider, spider, pass
cat_ea36b60f2cfd093ed1584d05fb1d4e9fe777ead218ac104497f5c978a7eebdbb_640.jpg, cat, cat, pass
squirrel_OIP-8TrJl4vXLZtMzy-pCo6M-gHaFj.jpg, squirrel, cat, fail
sheep_OIP-1HdVVrgQHvdnTT7qTp5ALAHaGY.jpg, sheep, sheep, pass
cat_ea37b90c20f0033ed1584d05fb1d4e9fe777ead218ac104497f5c978a7eebdbb_640.jpg, cat, cat, pass
horse_OIP-UOX2POFCIE-Qs_bYuBEYLQHaFk.jpg, horse, horse, pass
elephant_OIP-zaY33YSyzBcvJq_2Fb504QHaE-.jpg, elephant, elephant, pass
horse_OIP-q-qW6I9W73jzun7evUVhIgHaE8.jpg, horse, horse, pass
cow_OIP-BoPr3fx0wl_d_PcKSvTiFgHaK1.jpg, cow, cow, pass
dog_OIP-ocMEfzca_k_4hzxUaHc7VAHaE7.jpg, dog, dog, pass
cow_OIP-mNPSDsgK95jRbB-_5ItrFwHaFl.jpg, cow, cat, fail
spider_OIP-O8pS0Olk1otgzutk3t9AMAHaF0.jpg, spider, cat, fail
squirrel_OIP-qnT14Do5nVYI0jFDrmzTPAHaGb.jpg, squirrel, cat, fail
squirrel_OIP-HWL2AA6yBUlEX5yc4N_o0wHaEK.jpg, squirrel, cat, fail
cat_559.jpg, cat, cat, pass
chicken_OIP-Dz4RELcVx-Ri4qg6eVtbfAHaFj.jpg, chicken, chicken, pass
dog_OIP-sH7u4NwO_gj427Z0cw3C5gHaEX.jpg, dog, dog, pass
elephant_OIP-mtxe6AfM2mPpZ0D7HZ1BxgHaDn.jpg, elephant, elephant, pass
dog_OIP-IjgRoO19Mqu1A3S_7UyCxAEsEs.jpg, dog, dog, pass 
elephant_OIP-8g01nVRma5tdkK5Up0kX3AHaE8.jpg, elephant, elephant, pass
cat_e831b40a2cf2023ed1584d05fb1d4e9fe777ead218ac104497f5c978a7eebdbb_640.jpg, cat, cat, pass
elephant_OIP-E2BvWy-Z4FR5oxvfXBEZ7AHaFB.jpg, elephant, elephant, pass
squirrel_OIP-JOAjh31wIuqau8e-nB2whAHaE6.jpg, squirrel, cat, fail
cow_OIP-Mv5DhnFg1u90d0rTu_BErAHaFj.jpg, cow, cow, pass
horse_OIP-9sFa3csY9lIyZNbRv1DIXgAAAA.jpg, horse, horse, pass
elephant_OIP-7nQM7yTnjxF--RBHymKZ3gHaLJ.jpg, elephant, elephant, pass
chicken_OIP-TNyNFQJ8ZmjkFzF4SvfCXAHaHa.jpg, chicken, chicken, pass
cat_1311.jpg, cat, cat, pass
sheep_OIP-pwRcIGOR1bzrvIJ3mUdnZwHaFj.jpg, sheep, sheep, pass
dog_OIP-L3TRIOoPlmb3isOmx9DYDwHaEK.jpg, dog, dog, pass
elephant_OIP-5UO8XwAHbwamRADkXk4bIQHaJ-.jpg, elephant, elephant, pass
cow_OIP-HvpxLQWXd-M2w2iZgJ91GAHaLI.jpg, cow, cow, pass
dog_OIP-J5fKCUBenmEuc4JvQH1ZogHaE6.jpg, dog, cat, fail
chicken_236.jpg, chicken, chicken, pass
cow_OIP-O8MEDDkATMHnD845LexNlAHaFJ.jpg, cow, cat, fail
horse_OIP-IUiK9N8M7_kqVf1wa7tFtQHaFS.jpg, horse, horse, pass
chicken_OIP-o6-uEWaNg5X6y_zYuX-uCAHaEK.jpg, chicken, chicken, pass
sheep_OIP-KSBjxbYVQU8GZgPf1gpyhwHaFj.jpg, sheep, sheep, pass
horse_OIP-Y-hB14A3coI7TEgrEew0UAHaFj.jpg, horse, horse, pass
sheep_OIP-_bkUry7ry0OaDroj6nrA5wHaHa.jpg, sheep, sheep, pass
cow_OIP-1NxvGWjwzbEej8_ANg-xpAHaGB.jpg, cow, cat, fail
horse_OIP-x7-kaoaetJ7yKIMIysmIlAHaFj.jpg, horse, horse, pass
spider_OIP-D_GqR_AtHhgYnLRhSri8iQHaFo.jpg, spider, cat, fail
horse_OIP-r8zIrnO6Hh88mQTsyzd4oQHaFx.jpg, horse, horse, pass
elephant_OIP-rdI7fBNlbP41ERjbwUYJPAHaIa.jpg, elephant, elephant, pass
squirrel_OIP-vC1DWNUBUYvsVGbtHF-nuAHaE8.jpg, squirrel, cat, fail
cow_OIP-iLKFEtiGhx7_buwMFIJ5kwHaEK.jpg, cow, cow, pas pass 
cat_10.jpg, cat, cat, pass
dog_OIP-ijXiQKYccGTQrRQddAh-rQHaEm.jpg, dog, dog, pass
spider_eb37b20620f61c22d2524518b7444f92e37fe5d404b0144390f8c47ba6ebb4_640.jpg, spider, cat, fail
sheep_OIP-h6OB-na59vwaveYWL3slcwHaE5.jpg, sheep, sheep, pass
cat_1829.jpg, cat, cat, pass
sheep_OIP-EQoDxNznPiL0-9XD0inanQHaE8.jpg, sheep, sheep, pass
sheep_eb30b0092cf5033ed1584d05fb1d4e9fe777ead218ac104497f5c978a6ebb3bf_640.jpg, sheep, sheep, pass
butterfly_OIP-Hm9KJqAsxPyTftXtcoiVOQHaFj.jpg, butterfly, butterfly, pass
squirrel_OIP-rk0CKszKEj3pBHSUfxW70wHaHa.jpg, squirrel, cat, fail
dog_OIP-y9hTivzT1cwzWlpeslmk9wAAAA.jpg, dog, cat, fail
elephant_OIP-grsAWZ5Acz-6j4hnMnWuhgHaLH.jpg, elephant, elephant, pass
butterfly_OIP-mY9k6tLbM2yac2u7nioAFgHaEn.jpg, butterfly, butterfly, pass
dog_OIP-P3zTu-bZLnRAvvups-MEFQHaE6.jpg, dog, dog, pass
butterfly_OIP-Hn-R2LCT9BW7pB61RN4szAHaE9.jpg, butterfly, butterfly, pass
chicken_OIP-At6Ih1wqX5FNVfRgEd8WpwHaHa.jpg, chicken, chicken, pass
elephant_OIP-zjO3Dp6jg-zilWTaQ184UgAAAA.jpg, elephant, elephant, pass 
squirrel_OIP-9_Zin1jdC1zuavm7lg97dAHaEZ.jpg, squirrel, cat, fail
sheep_ea37b10720f3093ed1584d05fb1d4e9fe777ead218ac104497f5c978a6ebb3bf_640.jpg, sheep, sheep, pass
spider_OIP--HXOXZ18PdzE1WprWDwq4gEsD6.jpg, spider, spider, pass
sheep_e13cb60a2bfc1c22d2524518b7444f92e37fe5d404b0144390f8c078a1ebb2_640.jpg, sheep, sheep, pass
horse_OIP-ZqcIu3iL9DhdfbRxre-dBQHaGU.jpg, horse, horse, pass
horse_OIP-V3ceQniGyeFjHs0N6Y11mgHaFI.jpg, horse, horse, pass
cat_1096.jpg, cat, cat, pass
cat_1700.jpg, cat, cat, pass
spider_OIP-2_-qAB-yXutoj836WXQ8BQHaFj.jpg, spider, cat, fail
dog_OIP-52zmgcvU4h-0bB-VN7r-vAHaJ4.jpg, dog, dog, pass
sheep_eb32b30d2ef0093ed1584d05fb1d4e9fe777ead218ac104497f5c978a6ebb3bf_640.jpg, sheep, sheep, pass
dog_OIP-bTKnRAJfpOhQhD4AC4ZjZAAAAA.jpg, dog, dog, pass
horse_OIP-B8fusOH0IWe9f9IjfH7alAHaGQ.jpg, horse, horse, pass
elephant_eb37b40b2ef6063ed1584d05fb1d4e9fe777ead218ac104497f5c978a4efbcb0_640.jpg, elephant, elephant, pass
cat_1653.jpg, cat, cat, pass
chicken_OIP-c5eYLuTiQHEVoYrBnFM-MwHaFl.jpg, chicken, chicken, pass
cat_1192.jpg, cat, cat, pass
spider_OIP-TRjxSbM7QpJZR9afQaHX5AHaE8.jpg, spider, cat, fail
chicken_OIP-raSHAiMYHu7c-I3qCJ2rngHaKG.jpg, chicken, chicken, pass
cow_OIP-f49uKzW4CNH-70rNADCnxwHaE7.jpg, cow, cat, fail
horse_OIP-2kLDzggLujT2MJMt2Vzj-QHaF3.jpg, horse, horse, pass
squirrel_OIP-j6qg0SM-1U50rWbPR61c4wHaFI.jpg, squirrel, cat, fail
butterfly_ea37b10e20f2053ed1584d05fb1d4e9fe777ead218ac104497f5c97faee8b1b8_640.jpg, butterfly, butterfly, pass
spider_OIP-iRbC8PARBs7bC8kIm0y4ZgAAAA.jpg, spider, cat, fail
spider_OIP-7kN3Ns5pFU_pb0OoutFnCgHaFe.jpg, spider, cat, fail
dog_OIP-tfEfWdrWNEz1VNnXsYUMbAHaLH.jpg, dog, dog, pass
spider_e834b70e2efc063ed1584d05fb1d4e9fe777ead218ac104497f5c97ca5ecb3b9_640.jpg, spider, cat, fail
dog_OIP-BuKnw3JTZtnIGg9Ko9vNFgHaEx.jpg, dog, cat, fail
cow_OIP-cnNC3AO2xWBAu3R9kPBYQwEsDd.jpg, cow, cat, fail
dog_OIP-yz6ocLK9Ok8jCFEu3ebnJQHaFk.jpg, dog, dog, pass
horse_OIP-oNCm5v4YI3pcIyGjJurmFAHaEz.jpg, horse, horse, pass 
butterfly_OIP-uVK6VATYER8gaghGG5mE0QHaFj.jpg, butterfly, butterfly, pass
sheep_OIP-cfXEswixtjID44jq7gTJjQAAAA.jpg, sheep, sheep, pass
spider_OIP-_GIIBIozbpKZjMqf6rg5QAHaDJ.jpg, spider, cat, fail
dog_OIP-4oo4c85nRUS7UdfZeSnYugHaLG.jpg, dog, dog, pass
elephant_e834b20f28fd003ed1584d05fb1d4e9fe777ead218ac104497f5c978a4eebdbd_640.jpg, elephant, elephant, pass
horse_OIP-S6fWXjxJVDMbFMkBMnN8QAHaKQ.jpg, horse, horse, pass
sheep_OIP-64rrTRYYHr60jDm6hUeFqwHaFA.jpg, sheep, sheep, pass
butterfly_OIP-9GpXVR5Itm037G5nuzRA0AHaFf.jpg, butterfly, butterfly, pass
squirrel_OIP-zSvrkLxfcHGXLXGA0HuAhQHaFY.jpg, squirrel, cat, fail
elephant_OIP-xqs1Rb6Eki7e_zVEqKVcbgHaHB.jpg, elephant, elephant, pass
horse_OIP-YShlSxaBKdKFMxkPfDb1BAHaFc.jpg, horse, horse, pass 
elephant_OIP-EcpVXXDQkX9ehwBpDboY-AHaE8.jpg, elephant, elephant, pass
sheep_eb37b2082bf5033ed1584d05fb1d4e9fe777ead218ac104497f5c978a6eab2b0_640.jpg, sheep, sheep, pass
butterfly_OIP-6ntOS_3DQHb9ZFaq7yJCNwHaFj.jpg, butterfly, butterfly, pass
squirrel_OIP-D8cpPB1IRUJOD9eI3VnkyQHaLJ.jpg, squirrel, cat, fail
cat_774.jpg, cat, cat, pass
cat_1307.jpg, cat, cat, pass
squirrel_OIP-okTv-lxcJ5cZok80J_6eUwHaHZ.jpg, squirrel, squirrel, pass
squirrel_OIP-79rLNXjENKDQotnKJoZUugHaGL.jpg, squirrel, cat, fail
squirrel_OIP-NlzEiclV-T6nv1J6_VvSmgHaE7.jpg, squirrel, squirrel, pass
elephant_OIP-dCK_KHgagdnWxw1Im5xC8gHaE8.jpg, elephant, elephant, pass
dog_OIP-ZEX8ss7tIEAjm9tYeTbYlQHaFo.jpg, dog, cat, fail
dog_OIP-4pDoIw8CIERmrEe7wDNOOQHaIp.jpg, dog, dog, pass 
spider_OIP-c3PMIkXXa1Cz02kRUhfjZAHaJ3.jpg, spider, spider, pass
elephant_OIP-ptJBods7wrQfo_oBNZqNWgHaE7.jpg, elephant, elephant, pass
spider_OIP-7piNdI1ATkuGoHtPfsmaRgHaE8.jpg, spider, cat, fail
butterfly_OIP-QZhs1y7Xk-9VG8g9vIw_HwHaKq.jpg, butterfly, butterfly, pass
cow_OIP-zTRwCiP1MA2gtrOUjhYBTgHaE8.jpg, cow, cat, fail
spider_OIP-YlGtxVdvx0LHygC9TqmOnQHaEU.jpg, spider, cat, fail
spider_OIP-N_j1s3uSXURo5MoaqiFR4gHaFS.jpg, spider, cat, fail
dog_OIP-H8TLN_kT4s19RFXqoJy92AHaEo.jpg, dog, dog, pass
dog_OIP-EHAxcD8ywgCMF5xhF6LvUwHaEo.jpg, dog, cat, fail
sheep_OIP-_3bv1qt1iLMDK_zNqRHn7AHaE8.jpg, sheep, sheep, pass
cat_627.jpg, cat, cat, pass
cat_51.jpg, cat, cat, pass
chicken_OIP-3KG5T5FdUlAbTk5GgzCR_wHaE7.jpg, chicken, chicken, pass
horse_OIP-Ld-gnxfBC3nz4CUnp_cNCwHaFa.jpg, horse, horse, pass
sheep_OIP-hRB9cugppNYZsN6GRySchwHaE8.jpg, sheep, sheep, pass
cat_ea36b30629f3013ed1584d05fb1d4e9fe777ead218ac104497f5c978a7e8b7bc_640.jpg, cat, cat, pass
chicken_OIP-tfpN2mDEqLwXt6v6-1m0zQHaF7.jpg, chicken, chicken, pass
spider_eb31b1072bf4093ed1584d05fb1d4e9fe777ead218ac104497f5c97ca5ecb3b9_640.jpg, spider, cat, fail
spider_OIP-0iiuKnTdflxU_QnAbaNazAHaFQ.jpg, spider, cat, fail
elephant_OIP-AIRTzNpv1tNtTb7VRfz64AHaEo.jpg, elephant, elephant, pass
elephant_OIP-ZVPwvKY3N2tqg00m_z92rQHaE8.jpg, elephant, elephant, pass
cat_ea35b70e2bf3033ed1584d05fb1d4e9fe777ead218ac104497f5c978a7eebdbb_640.jpg, cat, cat, pass
spider_OIP-OVur9SZc2mOXdBIzyoLniQHaFk.jpg, spider, cat, fail
chicken_OIP-uoYtaNjuM3dq1jLSMVrSpgHaFj.jpg, chicken, chicken, pass
horse_OIP-O5WpxOqtdBPculR0F_mT5QAAAA.jpg, horse, horse, pass
horse_OIP-I2Y71RiseaXSv3nfL_J2mwHaJh.jpg, horse, horse, pass
cat_1203.jpg, cat, cat, pass
cat_1184.jpg, cat, cat, pass
elephant_eb33b2082bf5083ed1584d05fb1d4e9fe777ead218ac104497f5c978a4efb4bb_640.jpg, elephant, elephant, pass
cat_ea35b0082df7033ed1584d05fb1d4e9fe777ead218ac104497f5c978a7ebb0bb_640.jpg, cat, cat, pass
sheep_OIP-ozG1lrGmUJnKq6Zd4373RAHaFn.jpg, sheep, sheep, pass
cow_OIP-xKMPrqdjbZsT-vxs9wugXwHaEK.jpg, cow, cat, fail
squirrel_OIP-r-8PVNNisS5r6emuSH1LGQHaFj.jpg, squirrel, cat, fail
squirrel_OIP-yXl5yDIFFDeOErg2lXEitgHaE8.jpg, squirrel, cat, fail
elephant_OIP-mWRvhrLcX8xFhtV5BFOmVwAAAA.jpg, elephant, elephant, pass
dog_OIP-BRsUa__xoqGpTyH7ySPZ5QHaJ-.jpg, dog, dog, pass
horse_OIP-lst4IHizH4sHGc634j_eQAHaGJ.jpg, horse, horse, pass
sheep_eb3cb30b21f0063ed1584d05fb1d4e9fe777ead218ac104497f5c978a6eab2b0_640.jpg, sheep, sheep, pass
butterfly_OIP-6MgXIAm-s5L25lyKKUvnlQHaE8.jpg, butterfly, butterfly, pass
butterfly_OIP-uanzDIvNQNHOjLb7XFZzfAHaFx.jpg, butterfly, butterfly, pass
cat_ea37b40d2cf1083ed1584d05fb1d4e9fe777ead218ac104497f5c978a7ebb0bb_640.jpg, cat, cat, pass
elephant_OIP-ofhc3DH8-MGVzYGr5IS2zgHaEK.jpg, elephant, elephant, pass
sheep_OIP-F0UbI_OMwlLwkT3Iul3-MAHaFc.jpg, sheep, sheep, pass
squirrel_OIP-Y3J40kPpx5SvYguQ4MzCsAHaEq.jpg, squirrel, cat, fail
squirrel_OIP-I5uiKwQHUGMpgvoS7nsucwHaLa.jpg, squirrel, cat, fail
chicken_OIP-G6WJpGlXVyOgQfwtF-tx2AHaG2.jpg, chicken, chicken, pass
dog_OIP-Kxp8-8QMa_qVoCy1OUUH4QHaJ6.jpg, dog, cat, fail
spider_OIP-eHS3yPBn4lxdh_j8SAoIGwHaFj.jpg, spider, spider, pass
horse_OIP-3iC33ez5NvBdb8rjoKR4EgHaFl.jpg, horse, horse, pass
elephant_ea34b0062cf4093ed1584d05fb1d4e9fe777ead218ac104497f5c978a4efbcb0_640.jpg, elephant, elephant, pass
chicken_OIP-QQOjltuNh0wqkXkfO6yCtAHaHa.jpg, chicken, chicken, pass
chicken_OIP-Y1aANdChaIgGmdcPpjoRvAAAAA.jpg, chicken, chicken, pass
sheep_OIP-FE_5eUeUZlMEtoA4BPW8JgHaFz.jpg, sheep, sheep, pass
cow_OIP-FPSbt0SyO42upO8F7ef7QwHaKD.jpg, cow, cow, pass
squirrel_OIP-zhLz2NNZOh527Bvrz2dlpAHaFw.jpg, squirrel, cat, fail
butterfly_OIP-ggzH-1UrygG-TlSDDUH9VwHaEy.jpg, butterfly, butterfly, pass
sheep_eb36b10e2df1043ed1584d05fb1d4e9fe777ead218ac104497f5c978a6ebb3bf_640.jpg, sheep, sheep, pass
horse_OIP-IrnbHsAumY4YrK5b4VGa8wAAAA.jpg, horse, horse, pass 
elephant_eb3db80f28f4063ed1584d05fb1d4e9fe777ead218ac104497f5c978a4efb4bb_640.jpg, elephant, elephant, pass
chicken_OIP-TcKLuJNvZ6pZe3DxZo3D7wHaHa.jpg, chicken, chicken, pass
cat_1350.jpg, cat, cat, pass
cat_ea37b90b2bf0013ed1584d05fb1d4e9fe777ead218ac104497f5c978a7ebb0bb_640.jpg, cat, cat, pass
cat_670.jpg, cat, cat, pass
cow_OIP-jwSTh7eLK_AWxx7cy3dFswHaFe.jpg, cow, cow, pass
spider_OIP-dH2pDyR_-bh3T7JcOU9C4AHaGG.jpg, spider, spider, pass
butterfly_OIP-ResQT6jJ6cJ4pUybsYLWJgHaFy.jpg, butterfly, butterfly, pass
horse_OIP-OADVufz8itVGBtFZ8_pF6gHaFx.jpg, horse, horse, pass
squirrel_OIP-ZVTOxplj11Gwd72wxUjlEAHaEO.jpg, squirrel, cat, fail
butterfly_OIP-sSD5EX-glXYwNVJPKqkymwHaE6.jpg, butterfly, butterfly, pass
cow_OIP-I6zZ6pMJIX3THKnlBUGCsgHaE8.jpg, cow, cat, fail
elephant_OIP-tntHryCIA6Yo-DsnXjkixwAAAA.jpg, elephant, elephant, pass
elephant_OIP-8kcWEmD_FA4wHJXpkXB4HQHaFj.jpg, elephant, elephant, pass
cat_298.jpg, cat, cat, pass
squirrel_OIP-h_q268s8bwYI3WHjG7sXKAHaFc.jpg, squirrel, cat, fail
butterfly_OIP-stYdyGEkXoXK8J7gnJTP4AHaEu.jpg, butterfly, butterfly, pass
spider_OIP-Jd_O7MOLVbz1q4tVA52o2AHaE3.jpg, spider, cat, fail
cat_109.jpg, cat, cat, pas pass
butterfly_OIP-IP0NNyIaAfq9gkicvedKLgAAAA.jpg, butterfly, butterfly, pass
elephant_ea35b60a21f0043ed1584d05fb1d4e9fe777ead218ac104497f5c978a4efbcb0_640.jpg, elephant, elephant, pass
spider_OIP-W8Oju7HERJ7PngZ43whEXwHaIy.jpg, spider, spider, pass 
sheep_ea37b10720fd093ed1584d05fb1d4e9fe777ead218ac104497f5c978a6e8b0b1_640.jpg, sheep, sheep, pass
sheep_OIP-SqSXfPz_DQRNfMQK8NQd1gHaDy.jpg, sheep, sheep, pass
cow_OIP-lBKCeDfZJT6vRc9RR9GENQHaE8.jpg, cow, cat, fail
cat_ea36b40d2df2003ed1584d05fb1d4e9fe777ead218ac104497f5c978a7e8b7bc_640.jpg, cat, cat, pass
spider_OIP-Wq2sd7QT4ktPm6D6Cxzq3QHaFj.jpg, spider, spider, pass
sheep_OIP-jhqZKyUXtnx539TSBBK7qQHaE6.jpg, sheep, sheep, pass
butterfly_OIP-hwYng6lODRudlzL3z3n0gQAAAA.jpg, butterfly, butterfly, pass
cow_OIP-p1hVFCpH_Ju9taNdxBIWvAHaE7.jpg, cow, cat, fail
horse_OIP-c9HWShQgFPPgTsiCruSHVgHaE8.jpg, horse, horse, pass 
spider_OIP-dOStyaW3MaNtms_uVbnXWQHaFj.jpg, spider, spider, pass
sheep_eb33b00c20f4003ed1584d05fb1d4e9fe777ead218ac104497f5c978a6eab2b0_640.jpg, sheep, cat, fail
spider_OIP-dXtHeHKIJEuEzTOGnIRQugHaIO.jpg, spider, spider, pass
chicken_OIP-eSgk7Dhk4ysTMe-Tit4POwHaDm.jpg, chicken, chicken, pass 
chicken_OIP-50vmhkNIM1LKU3JoYIRmegHaFj.jpg, chicken, chicken, pass
squirrel_OIP-XbwyNiLXMnEr4PuRteVq_wHaE7.jpg, squirrel, cat, fail
dog_OIP-CwE2q_F7t7jL01UoOPXDlQHaE9.jpg, dog, cat, fail
elephant_OIP-94mc1oylZCsXP6lP35P5SgHaFd.jpg, elephant, elephant, pass
cat_1645.jpg, cat, cat, pass
spider_OIP-jIEaN8LOReeTuXfCwpvNTQHaFj.jpg, spider, spider, pass
butterfly_OIP-ZYoAuR6Ult0soCyXXy6S8AHaHd.jpg, butterfly, butterfly, pass
chicken_OIP-jOW7_xA-oCSNQ9qqQUvx8QHaFj.jpg, chicken, chicken, pass
cow_OIP-8j6EeHuNa8ak6Mzv_4ix-wHaFj.jpg, cow, cow, pass
elephant_e831b4082cf1013ed1584d05fb1d4e9fe777ead218ac104497f5c978a4efbcb0_640.jpg, elephant, elephant, pass
squirrel_OIP-zpD7SDCbIqwjYm2A06OybwHaID.jpg, squirrel, cat, fail
dog_OIP-SBrCYo4ZO_FCoVjmgJXpHgHaE6.jpg, dog, dog, pass
cow_OIP-ydOEHQBFSFfDLI6QkgLyygHaHa.jpg, cow, cow, pass
chicken_OIP-nJiZVivSyNI7EDI_ICf0wQHaFj.jpg, chicken, chicken, pass
butterfly_OIP-R84OW8jnDth6uiX8sW9VtwHaE8.jpg, butterfly, butterfly, pass
cow_OIP-DGQ7NElEGHcFdL6S7218vwHaE2.jpg, cow, cat, fail
cow_OIP-QCiTY2HsVvh0icPM_CQYXAHaFj.jpg, cow, cat, fail
cat_1491.jpg, cat, cat, pass
cat_1612.jpg, cat, cat, pass
spider_ea35b40e2cfd013ed1584d05fb1d4e9fe777ead218ac104497f5c97ca5edb3bd_640.jpg, spider, cat, fail
sheep_eb36b60d29f4043ed1584d05fb1d4e9fe777ead218ac104497f5c978a6eab2b0_640.jpg, sheep, sheep, pass
horse_OIP-S6zbIMPixlwhY9yBTkQjeQHaEd.jpg, horse, horse, pass
squirrel_OIP-VnIlJ2G-MxFc-SCdg3oy1wHaJA.jpg, squirrel, cat, fail
sheep_OIP-Jav339CBDNj7bN6-I9ORigHaEK.jpg, sheep, sheep, pass
dog_OIP-UWEKEjg0Rm3FdgwACGXJEAHaJ3.jpg, dog, dog, pass
dog_OIP-7Kyjub53-QqanyWanuJpOwHaHx.jpg, dog, cat, fail
cow_OIP-3qwVpYc1MxCozmQ3SC3mKgHaE8.jpg, cow, cat, fail
horse_OIP-lS06W6bD81zXI1l_yxfwUAHaGv.jpg, horse, horse, pass
dog_OIP-KpXLr2QOZBB2ob4jLqQ_5AHaE8.jpg, dog, dog, pass
sheep_eb3cb40b2afd033ed1584d05fb1d4e9fe777ead218ac104497f5c978a6ebb3bf_640.jpg, sheep, sheep, pass
horse_OIP-vFwtLAbpiJkUmL3aFhRg1gHaFj.jpg, horse, horse, pass
elephant_OIP--UnQR8C6k6T8rQuJOQ87QgHaFj.jpg, elephant, elephant, pass
chicken_OIP-wRqurTlqsPVnsjETnOEDegHaGc.jpg, chicken, chicken, pass
sheep_OIP-oMlf3Wyyu2bEgPl_16HajgHaLH.jpg, sheep, sheep, pass
spider_eb31b40e2cf6013ed1584d05fb1d4e9fe777ead218ac104497f5c97ca5ecb3b9_640.jpg, spider, cat, fail
squirrel_OIP-A5zbQnVcmHudkBlPlGJ42AHaFj.jpg, squirrel, cat, fail
horse_OIP-asJ23BXjIejADxtGkmGHkgHaGY.jpg, horse, horse, pass
cow_OIP-9qZCws3TA9GXhkV-I_b69QAAAA.jpg, cow, cat, fail
spider_OIP-iuB55v7hxay4qUZUWo9w_QHaE8.jpg, spider, spider, pass
cow_OIP-oa0oDx9o-mSLUGOIoQFrUwHaJd.jpg, cow, cat, fail
chicken_OIP-b3OVM5sQs3NX9ZqvZTejuwHaEN.jpg, chicken, chicken, pass
squirrel_OIP-AnV2jM8066P8N8lx97lHUAHaFd.jpg, squirrel, cat, fail
cat_1757.jpg, cat, cat, pass
butterfly_OIP-u55U8WmfjNoBvMBllhdyhAHaHR.jpg, butterfly, butterfly, pass
elephant_OIP-n3kz4zqu96kGZrRHfvuH0wHaF7.jpg, elephant, elephant, pass
cat_918.jpg, cat, cat, pass
cow_OIP-JLkgcK0Xh5HzrIgkrcXpSQHaFO.jpg, cow, cow, pass
horse_OIP-PHavgaYnfvIMwgOhudwrjAHaFD.jpg, horse, horse, pass
cow_OIP-VrTSdkYTTlwIyGLupsL4zgHaFJ.jpg, cow, cat, fail
horse_OIP-k5TFN3AeFqfr8UoDvCUmnwHaF7.jpg, horse, horse, pass
cat_1254.jpg, cat, cat, pass
butterfly_OIP-5Vy-OyCv46rJlLoMj2qBNwHaF3.jpg, butterfly, butterfly, pass
sheep_OIP-0RQqx0qCuV2MwlZYMFt5pgHaFj.jpg, sheep, sheep, pass
sheep_OIP-DZ0gUPmB8dU1clfVOU-4uwHaDe.jpg, sheep, sheep, pass
elephant_OIP-SQGHMqrYk1IX4PGH3aTbxAHaFj.jpg, elephant, elephant, pass
horse_OIP-j_cV8BfGlw6-GNxhTqEhLwHaE8.jpg, horse, horse, pass
chicken_OIP-8PTXN0qTY1W4ZTJuW9JZSQHaEZ.jpg, chicken, chicken, pass
horse_OIP--uO90bVo3RpYzTvjM78VsgHaHJ.jpg, horse, horse, pass
elephant_ea34b6082af0083ed1584d05fb1d4e9fe777ead218ac104497f5c978a4efb4bb_640.jpg, elephant, elephant, pass
horse_OIP-6axpGP2Yx8bmuazEhOsbiwHaFj.jpg, horse, horse, pass
cat_1215.jpg, cat, cat, pass
elephant_OIP-HhfvmMsdjhNCbmZDUQsLBgHaEV.jpg, elephant, elephant, pass
chicken_148.jpg, chicken, chicken, pass
cat_332.jpg, cat, cat, pass
cow_OIP-ni1dwLm48nfZ4ampyK_SsAHaE9.jpg, cow, cow, pass
sheep_OIP--SmXJlkSW5VPiDpIRt9PFQHaFj.jpg, sheep, sheep, pass
sheep_e830b4062ff3053ed1584d05fb1d4e9fe777ead218ac104497f5c978a6eab2b0_640.jpg, sheep, sheep, pass
horse_OIP-djCoNZIvfxhlGndMOU8jVAHaFp.jpg, horse, horse, pass
sheep_OIP-bxmifYaRcC8wLoAZJBpvAQHaFj.jpg, sheep, sheep, pass
spider_OIP-qFQ81dwB9AR96bD5YVMXnAHaFj.jpg, spider, cat, fail
butterfly_eb3db2082dfc083ed1584d05fb1d4e9fe777ead218ac104497f5c97faee9bdba_640.jpg, butterfly, butterfly, pass
horse_OIP-F2OgkgjzAFbktt30REhnBQAAAA.jpg, horse, horse, pass
dog_OIP-Y26V6GOhaY-5QFVgT5ZUewHaE8.jpg, dog, cat, fail
horse_OIP-PpKlH9o-Jbj4_XNC036SxgHaIt.jpg, horse, horse, pass
spider_OIP-1nof0WfAuHzTHOVkZeKXmQHaF2.jpg, spider, spider, pass
dog_OIP-Wxm2QlAzZ7yOwa8DOxpp9wHaHi.jpg, dog, dog, pass
dog_OIP-76-YcKQApRKh-XA9eakmtQAAAA.jpg, dog, dog, pass
chicken_OIP-ivaUBQ-q-cernhfsBQ1DPgHaC0.jpg, chicken, chicken, pass
cow_OIP-2Za3Efda5EW3_xHQZ0wX4QHaD_.jpg, cow, cow, pass
spider_OIP-d4lIFmlFWwBWnSzB3rdhzQEsDh.jpg, spider, spider, pass
spider_OIP-v4KoT-_UU6lCYAlYxIXRRAHaLI.jpg, spider, spider, pass
squirrel_OIP-J6M0OEaiqLcT_aGn0f2YkQHaFm.jpg, squirrel, cat, fail
squirrel_OIP-h7fjT1VBNrAivgGh6rQtVgHaEK.jpg, squirrel, cat, fail
sheep_OIP-IkTK1YBkMcwEUM7-Yg5amwHaGW.jpg, sheep, sheep, pass
chicken_666.jpg, chicken, chicken, pass
squirrel_OIP-HhFunDW0fVK4_JxY21GwxQHaH6.jpg, squirrel, squirrel, pass 
chicken_OIP-ckh91vQNCtZHOGCUAy2uvgHaFb.jpg, chicken, chicken, pass
butterfly_OIP-BtCgHCaDIDG52nLmqVF0nwHaFj.jpg, butterfly, butterfly, pass
dog_OIP-ugSBKd8y_G2Wan07pBcoiwHaFj.jpg, dog, dog, pass
sheep_e832b70c2bf3073ed1584d05fb1d4e9fe777ead218ac104497f5c978a6ebb3bf_640.jpg, sheep, sheep, pass
butterfly_OIP-L_DtWhKF24WcxTIbvdnMAAAAAA.jpg, butterfly, butterfly, pass 
cow_OIP-LqiI5Zqb0Xl7YTcYVGx5PAHaFj.jpg, cow, cow, pass
dog_OIP-JHrh9v--Z2nJaXBFTpi9DgHaGj.jpg, dog, dog, pass
squirrel_OIP-AkFJ9H9e0OYTrz-3RdzhcwHaE9.jpg, squirrel, cat, fail
butterfly_OIP-yrxQiEPNPJHfUL2_PUtZ4gHaFI.jpg, butterfly, butterfly, pass
cat_1242.jpg, cat, cat, pass
chicken_1080.jpg, chicken, chicken, pass
spider_OIP-xXXmecEfboeclfZL9gB6ywHaFV.jpg, spider, spider, pass
cow_OIP-BCtbxgeXVUE2IAMkzj2AHwHaE7.jpg, cow, cat, fail
cow_OIP-EfTRIDkfaWAdeS-xOUMOoQHaFR.jpg, cow, cat, fail
squirrel_OIP-lvxSDUtbtYrTpJ7JQythxQHaFc.jpg, squirrel, cat, fail
spider_OIP-YRqNbDfDkqRY8Z_mLrlgVgHaFL.jpg, spider, cat, fail
horse_OIP-ZwiQFqjVcJHwFrrik8Hr7wHaFi.jpg, horse, horse, pass
chicken_OIP-bXXiGmwy3ZJ94Mj4LP-hKAHaEc.jpg, chicken, chicken, pass
horse_OIP-psv_Y22imNHrx4jOmXB8VgAAAA.jpg, horse, horse, pass
dog_OIP-nR9Hw3Ypa5IIu6k7Q54BnQHaE7.jpg, dog, dog, pass
sheep_OIP-3Wisxe8hYwidHMYIJ7HC7wHaF0.jpg, sheep, sheep, pass
chicken_OIP-9OnPmCKrbb7zY2bjGlziywHaFj.jpg, chicken, chicken, pass
dog_OIP-tDda1k0-h3KELy3Clxj4-AHaGL.jpg, dog, dog, pass
chicken_OIP-zL7yETkNB7S78GmYTChynAHaEK.jpg, chicken, chicken, pass
butterfly_e831b10b2ee90021d85a5854ee454296eb70e3c818b413449df6c87dafef_640.jpg, butterfly, butterfly, pass
spider_OIP-SoJdd7qo7w1cP8m33fjKlQHaFj.jpg, spider, cat, fail
dog_OIP-KsSSPpuYb4Y7UF6vQlMYWwHaFj.jpg, dog, dog, pass
dog_OIP-gzs_Wk8UHWWmo1y1MEzhMgHaHu.jpg, dog, dog, pass
squirrel_OIP-jX5AIOQIHPTZSHPM5H2_jAHaFj.jpg, squirrel, cat, fail
cat_1346.jpg, cat, cat, pass
horse_OIP-zpc5VOUXIhtEaSHp9AA1WwHaHh.jpg, horse, horse, pass
cat_1716.jpg, cat, cat, pass
cow_OIP-RtJf9wufOKF0iCNcg60E5QHaE7.jpg, cow, cow, pass
squirrel_OIP-ZtyEFE8GseIcE5d63-2LmAAAAA.jpg, squirrel, cat, fail
sheep_eb33b60c21f3073ed1584d05fb1d4e9fe777ead218ac104497f5c978a6ebb3bf_640.jpg, sheep, sheep, pass
chicken_OIP-qLmPqVOUQyMtTZiVkFFWEwHaFj.jpg, chicken, chicken, pass
butterfly_OIP-9RgfkrYa3kKBxftrUsLT7gHaD1.jpg, butterfly, butterfly, pass
chicken_575.jpg, chicken, chicken, pass
sheep_ef36b30c28e90021d85a5854ee454296eb70e3c818b413449df1c07fa1ea_640.jpg, sheep, sheep, pass
cow_OIP-_01xh7qI0nvypZLkOxGyIgHaFi.jpg, cow, cat, fail
elephant_OIP-KuxHBXWRlhO-xTeJITywfAHaF7.jpg, elephant, elephant, pass
dog_OIP-XHaJ-fYO1esI_8bGXM4lgwHaH6.jpg, dog, dog, pass
horse_OIP-IRX10K2iB0W0Vo1w9R95ZgHaGS.jpg, horse, horse, pass 
spider_OIP--onBO5AGxrNBeHD2BoN1GgHaFj.jpg, spider, spider, pass
squirrel_OIP-bOzKLLgmHOEbFEpPTDf3JQAAAA.jpg, squirrel, cat, fail
